"category","subcategory","ID","Description","GeneRatio","BgRatio","RichFactor","FoldEnrichment","zScore","pvalue","p.adjust","qvalue","geneID","Count"
"Cellular Processes","Transport and catabolism","hsa04144","Endocytosis","25/360","252/9446",0.0992063492063492,2.60306437389771,5.13410620747404,1.08517438243431e-05,0.00337489232937071,0.00316414004141373,"274/832/867/3480/4088/6456/7037/8729/8853/9265/11031/11311/23096/26056/27131/29934/30011/50807/56288/57154/58513/64744/81873/83737/729092",25
"Environmental Information Processing","Signal transduction","hsa04014","Ras signaling pathway","21/360","238/9446",0.0882352941176471,2.31519607843137,4.09036622559127,0.00029100696612675,0.0452515832327096,0.0424257524300577,"284/1946/2113/2251/2549/2787/3480/4254/4790/4908/5058/5321/5322/5579/5922/7535/8844/23179/25780/57186/125467750",21
